grp_aveImpl_double_15_80_1_2_16_s_fu_197,loop_ave,seq_loop_status1.csv
grp_aveImpl_double_15_80_1_2_16_s_fu_197.grp_aveImpl_double_15_80_1_2_16_Pipeline_VITIS_LOOP_283_1_fu_368,VITIS_LOOP_283_1,upc_loop_status1.csv
grp_aveImpl_double_15_80_1_2_16_s_fu_197.grp_aveImpl_double_15_80_1_2_16_Pipeline_loop_a1_fu_376,loop_a1,upc_loop_status2.csv
grp_aveImpl_double_15_80_1_2_16_s_fu_197.grp_aveImpl_double_15_80_1_2_16_Pipeline_loop_a2_fu_389,loop_a2,upc_loop_status3.csv
grp_covCoreWrapper_double_15_80_1_2_16_s_fu_207.covCorePart1_double_15_80_1_2_16_U0,loop_c1,seq_loop_status2.csv
grp_covCoreWrapper_double_15_80_1_2_16_s_fu_207.covCorePart1_double_15_80_1_2_16_U0,loop_c0,seq_loop_status3.csv
grp_covCoreWrapper_double_15_80_1_2_16_s_fu_207.covCorePart1_double_15_80_1_2_16_U0.grp_covCorePart1_double_15_80_1_2_16_Pipeline_loop_c2_fu_153,loop_c2,upc_loop_status4.csv
grp_covCoreWrapper_double_15_80_1_2_16_s_fu_207.covCorePart2_double_15_2_16_U0,VITIS_LOOP_243_1,seq_loop_status4.csv
grp_covCoreWrapper_double_15_80_1_2_16_s_fu_207.covCorePart2_double_15_2_16_U0.grp_covCorePart2_double_15_2_16_Pipeline_VITIS_LOOP_245_2_fu_80,VITIS_LOOP_245_2,upc_loop_status5.csv
grp_dut_Pipeline_VITIS_LOOP_277_1_VITIS_LOOP_278_2_fu_216,VITIS_LOOP_277_1_VITIS_LOOP_278_2,upc_loop_status6.csv
grp_implement_fu_225,NSort_main_Loop,seq_loop_status5.csv
grp_implement_fu_225.grp_implement_Pipeline_Loop_init_A_VITIS_LOOP_91_1_fu_271,Loop_init_A_VITIS_LOOP_91_1,upc_loop_status7.csv
grp_implement_fu_225.grp_gesvdj_2D_double_16_1_16_s_fu_284,Loop_init_I_Loop_init_J,pp_loop_status1.csv
grp_implement_fu_225.grp_gesvdj_2D_double_16_1_16_s_fu_284.grp_Jacobi_svd_double_16_1_16_s_fu_85,Loop_even,seq_loop_status6.csv
grp_implement_fu_225.grp_gesvdj_2D_double_16_1_16_s_fu_284.grp_Jacobi_svd_double_16_1_16_s_fu_85,Loop_innerWhile,seq_loop_status7.csv
grp_implement_fu_225.grp_gesvdj_2D_double_16_1_16_s_fu_284.grp_Jacobi_svd_double_16_1_16_s_fu_85,While_Loop,seq_loop_status8.csv
grp_implement_fu_225.grp_gesvdj_2D_double_16_1_16_s_fu_284.grp_Jacobi_svd_double_16_1_16_s_fu_85.grp_Jacobi_svd_double_16_1_16_Pipeline_VITIS_LOOP_142_1_fu_313,VITIS_LOOP_142_1,upc_loop_status8.csv
grp_implement_fu_225.grp_gesvdj_2D_double_16_1_16_s_fu_284.grp_Jacobi_svd_double_16_1_16_s_fu_85.grp_Jacobi_svd_double_16_1_16_Pipeline_Loop_precal_fu_320,Loop_precal,upc_loop_status9.csv
grp_implement_fu_225.grp_gesvdj_2D_double_16_1_16_s_fu_284.grp_Jacobi_svd_double_16_1_16_s_fu_85.grp_Jacobi_svd_double_16_1_16_Pipeline_Loop_cal_fu_328,Loop_cal,upc_loop_status10.csv
grp_implement_fu_225.grp_gesvdj_2D_double_16_1_16_s_fu_284.grp_Jacobi_svd_double_16_1_16_s_fu_85.grp_Jacobi_svd_double_16_1_16_Pipeline_VITIS_LOOP_1005_1_fu_336,VITIS_LOOP_1005_1,upc_loop_status11.csv
grp_implement_fu_225.grp_gesvdj_2D_double_16_1_16_s_fu_284.grp_Jacobi_svd_double_16_1_16_s_fu_85.grp_Jacobi_svd_double_16_1_16_Pipeline_Loop_jacobi2x2_fu_348,Loop_jacobi2x2,upc_loop_status12.csv
grp_implement_fu_225.grp_gesvdj_2D_double_16_1_16_s_fu_284.grp_Jacobi_svd_double_16_1_16_s_fu_85.grp_funcDataflow_double_16_1_16_8_fu_390,VITIS_LOOP_883_2_VITIS_LOOP_887_3,pp_loop_status2.csv
grp_implement_fu_225.grp_gesvdj_2D_double_16_1_16_s_fu_284.grp_Jacobi_svd_double_16_1_16_s_fu_85.grp_funcDataflow_double_16_1_16_8_fu_390.grp_unrollRow_double_16_1_16_9_fu_401,Loop_Inner_Mul_Loop_Inner_Mul111,upc_loop_status13.csv
grp_implement_fu_225.grp_gesvdj_2D_double_16_1_16_s_fu_284.grp_Jacobi_svd_double_16_1_16_s_fu_85.grp_funcDataflow_double_16_1_16_8_fu_390.grp_unrollCol_double_16_1_16_10_fu_412,Loop_Inner_Mul33_Loop_Inner_Mul333,upc_loop_status14.csv
grp_implement_fu_225.grp_implement_Pipeline_Loop_postcal_VITIS_LOOP_113_2_fu_291,Loop_postcal_VITIS_LOOP_113_2,upc_loop_status15.csv
grp_implement_fu_225.grp_implement_Pipeline_VITIS_LOOP_125_1_fu_301,VITIS_LOOP_125_1,pp_loop_status3.csv
grp_implement_fu_225.grp_implement_Pipeline_NSort_shift_buf_Loop_fu_312,NSort_shift_buf_Loop,upc_loop_status16.csv
grp_implement_fu_225.grp_implement_Pipeline_NSort_shift_buf_Loop12_fu_318,NSort_shift_buf_Loop,upc_loop_status17.csv
grp_implement_fu_225.grp_implement_Pipeline_PCA_filtermat_loop_VITIS_LOOP_160_1_fu_324,PCA_filtermat_loop_VITIS_LOOP_160_1,upc_loop_status18.csv
grp_implement_fu_225.grp_implement_Pipeline_PCA_Sign_Normalization_Loop_VITIS_LOOP_214_1_fu_339,PCA_Sign_Normalization_Loop_VITIS_LOOP_214_1,upc_loop_status19.csv
grp_implement_fu_225.grp_implement_Pipeline_VITIS_LOOP_238_2_fu_353,VITIS_LOOP_238_2,upc_loop_status20.csv
grp_implement_fu_225.grp_implement_Pipeline_VITIS_LOOP_244_4_fu_364,VITIS_LOOP_244_4,upc_loop_status21.csv
grp_dut_Pipeline_VITIS_LOOP_350_2_VITIS_LOOP_351_3_fu_236,VITIS_LOOP_350_2_VITIS_LOOP_351_3,upc_loop_status22.csv
grp_dut_Pipeline_VITIS_LOOP_321_1_fu_253,VITIS_LOOP_321_1,upc_loop_status23.csv
