grp_covCoreWrapper_double_15_80_1_2_16_s_fu_129,covCorePart1_double_15_80_1_2_16_U0,,status1.csv
grp_covCoreWrapper_double_15_80_1_2_16_s_fu_129,covCorePart2_double_15_2_16_U0,,status2.csv
,AESL_inst_dut,,module_status1.csv
,grp_aveImpl_double_15_80_1_2_16_s_fu_119,,module_status2.csv
grp_aveImpl_double_15_80_1_2_16_s_fu_119,grp_aveImpl_double_15_80_1_2_16_Pipeline_VITIS_LOOP_283_1_fu_368,,module_status3.csv
grp_aveImpl_double_15_80_1_2_16_s_fu_119,grp_aveImpl_double_15_80_1_2_16_Pipeline_loop_a1_fu_376,,module_status4.csv
grp_aveImpl_double_15_80_1_2_16_s_fu_119,grp_aveImpl_double_15_80_1_2_16_Pipeline_loop_a2_fu_389,,module_status5.csv
,grp_covCoreWrapper_double_15_80_1_2_16_s_fu_129,,module_status6.csv
grp_covCoreWrapper_double_15_80_1_2_16_s_fu_129.covCorePart1_double_15_80_1_2_16_U0,grp_covCorePart1_double_15_80_1_2_16_Pipeline_loop_c2_fu_153,,module_status7.csv
grp_covCoreWrapper_double_15_80_1_2_16_s_fu_129.covCorePart2_double_15_2_16_U0,grp_covCorePart2_double_15_2_16_Pipeline_VITIS_LOOP_245_2_fu_80,,module_status8.csv
,grp_dut_Pipeline_VITIS_LOOP_277_1_VITIS_LOOP_278_2_fu_138,,module_status9.csv
,grp_implement_fu_147,,module_status10.csv
grp_implement_fu_147,grp_implement_Pipeline_Loop_init_A_VITIS_LOOP_91_1_fu_267,,module_status11.csv
grp_implement_fu_147,grp_gesvdj_2D_double_16_1_16_s_fu_280,,module_status12.csv
grp_implement_fu_147.grp_gesvdj_2D_double_16_1_16_s_fu_280,grp_Jacobi_svd_double_16_1_16_s_fu_85,,module_status13.csv
grp_implement_fu_147.grp_gesvdj_2D_double_16_1_16_s_fu_280.grp_Jacobi_svd_double_16_1_16_s_fu_85,grp_Jacobi_svd_double_16_1_16_Pipeline_VITIS_LOOP_142_1_fu_313,,module_status14.csv
grp_implement_fu_147.grp_gesvdj_2D_double_16_1_16_s_fu_280.grp_Jacobi_svd_double_16_1_16_s_fu_85,grp_Jacobi_svd_double_16_1_16_Pipeline_Loop_precal_fu_320,,module_status15.csv
grp_implement_fu_147.grp_gesvdj_2D_double_16_1_16_s_fu_280.grp_Jacobi_svd_double_16_1_16_s_fu_85,grp_Jacobi_svd_double_16_1_16_Pipeline_Loop_cal_fu_328,,module_status16.csv
grp_implement_fu_147.grp_gesvdj_2D_double_16_1_16_s_fu_280.grp_Jacobi_svd_double_16_1_16_s_fu_85,grp_Jacobi_svd_double_16_1_16_Pipeline_VITIS_LOOP_1005_1_fu_336,,module_status17.csv
grp_implement_fu_147.grp_gesvdj_2D_double_16_1_16_s_fu_280.grp_Jacobi_svd_double_16_1_16_s_fu_85,grp_Jacobi_svd_double_16_1_16_Pipeline_Loop_jacobi2x2_fu_348,,module_status18.csv
grp_implement_fu_147.grp_gesvdj_2D_double_16_1_16_s_fu_280.grp_Jacobi_svd_double_16_1_16_s_fu_85.grp_Jacobi_svd_double_16_1_16_Pipeline_Loop_jacobi2x2_fu_348,grp_jacobi_rotation_2x2_double_16_s_fu_484,,module_status19.csv
grp_implement_fu_147.grp_gesvdj_2D_double_16_1_16_s_fu_280.grp_Jacobi_svd_double_16_1_16_s_fu_85,grp_funcDataflow_double_16_1_16_8_fu_390,,module_status20.csv
grp_implement_fu_147.grp_gesvdj_2D_double_16_1_16_s_fu_280.grp_Jacobi_svd_double_16_1_16_s_fu_85.grp_funcDataflow_double_16_1_16_8_fu_390,grp_unrollRow_double_16_1_16_9_fu_401,,module_status21.csv
grp_implement_fu_147.grp_gesvdj_2D_double_16_1_16_s_fu_280.grp_Jacobi_svd_double_16_1_16_s_fu_85.grp_funcDataflow_double_16_1_16_8_fu_390,grp_unrollCol_double_16_1_16_10_fu_412,,module_status22.csv
grp_implement_fu_147,grp_implement_Pipeline_Loop_postcal_VITIS_LOOP_113_2_fu_287,,module_status23.csv
grp_implement_fu_147,grp_implement_Pipeline_VITIS_LOOP_125_1_fu_297,,module_status24.csv
grp_implement_fu_147,grp_implement_Pipeline_NSort_shift_buf_Loop_fu_308,,module_status25.csv
grp_implement_fu_147,grp_implement_Pipeline_NSort_shift_buf_Loop12_fu_314,,module_status26.csv
grp_implement_fu_147,grp_implement_Pipeline_PCA_filtermat_loop_VITIS_LOOP_160_1_fu_320,,module_status27.csv
grp_implement_fu_147,grp_implement_Pipeline_PCA_Sign_Normalization_Loop_VITIS_LOOP_214_1_fu_335,,module_status28.csv
grp_implement_fu_147,grp_implement_Pipeline_VITIS_LOOP_238_2_fu_349,,module_status29.csv
grp_implement_fu_147,grp_implement_Pipeline_VITIS_LOOP_244_4_fu_360,,module_status30.csv
,grp_dut_Pipeline_VITIS_LOOP_350_2_VITIS_LOOP_351_3_fu_156,,module_status31.csv
